Cluster,export_Specimen_001_NEU_2_WT_neutrophils_5000,export_Specimen_001_NEU_1_ACKR2KO_neutrophils_5000,export_Specimen_001_NEU_10_WT_LPS_neutrophils_5000,export_Specimen_001_NEU_4_ACKR2KO_LPS_neutrophils_5000
1,35.25485436893204,34.586917383476695,36.64198519111467,40.22413448068841
2,30.74433656957929,32.56651330266053,23.01380828497098,18.010806483890335
3,19.57928802588997,19.62392478495699,19.411646988192917,17.710626375825495
4,14.340614886731393,13.002600520104021,20.45227136281769,23.85431258755253
5,0.06067961165048543,0.14002800560112022,0.16009605763458074,0.16009605763458074
6,0.02022653721682848,0.08001600320064013,0.32019211526916147,0.040024014408645184
